metric-dataset,mode,r2,mse,inference 74k+
tps_-../datasets/ssd.csv,r2,0.9458778027312997,11974509.942336084,2.4566640853881836
tps_-../datasets/ssd.csv,r2,0.9458778027312997,11974509.942336084,2.14107084274292
tps_-../datasets/ssd.csv,r2,0.9769976758116533,5089253.090053096,1.3906283378601074
tps_-../datasets/ssd.csv,r2,0.9769976758116533,5089253.090053096,1.3293194770812988
tps_-../datasets/ssd.csv,r2,0.9637178145575062,8027415.963063279,1.3466017246246338
tps_-../datasets/ssd.csv,r2,0.9637178145575062,8027415.963063279,1.3396787643432617
tps_-../datasets/ssd.csv,r2,0.9522674646400617,10560800.338589348,1.3657374382019043
tps_-../datasets/ssd.csv,r2,0.9522674646400617,10560800.338589348,1.362053394317627
tps_-../datasets/ssd.csv,r2,0.942369802692852,12750653.252437837,1.3502025604248047
tps_-../datasets/ssd.csv,r2,0.942369802692852,12750653.252437837,1.3135919570922852
tps_-../datasets/ssd.csv,r2,0.9310463303388119,15255966.028488712,3.3167967796325684
tps_-../datasets/ssd.csv,r2,0.9310463303388119,15255966.028488712,3.0387163162231445
tps_-../datasets/ssd.csv,r2,0.9660865515326122,7503334.054149519,1.4132153987884521
tps_-../datasets/ssd.csv,r2,0.9660865515326122,7503334.054149519,1.3494136333465576
tps_-../datasets/ssd.csv,r2,0.9398160815269961,13315662.823994523,2.6227779388427734
tps_-../datasets/ssd.csv,r2,0.9398160815269961,13315662.823994523,2.4237964153289795
tps_-../datasets/ssd.csv,r2,0.951673989211537,10692106.489818217,3.2573275566101074
tps_-../datasets/ssd.csv,r2,0.951673989211537,10692106.489818217,3.0141546726226807
tps_-../datasets/ssd.csv,r2,3.86007425897672e-05,221240975.45250538,12.518407106399536
tps_-../datasets/ssd.csv,r2,3.86007425897672e-05,221240975.45250538,9.998586416244507
rd_sec/s_-../datasets/ssd.csv,r2,0.6395330532008985,39455730914.5965,2.1168925762176514
rd_sec/s_-../datasets/ssd.csv,r2,0.6395330532008985,39455730914.5965,2.500579357147217
rd_sec/s_-../datasets/ssd.csv,r2,0.8427888408589324,17207905598.342728,1.585545539855957
rd_sec/s_-../datasets/ssd.csv,r2,0.8427888408589324,17207905598.342728,1.8881516456604004
rd_sec/s_-../datasets/ssd.csv,r2,0.7797747618430595,24105255182.15095,1.4612383842468262
rd_sec/s_-../datasets/ssd.csv,r2,0.7797747618430595,24105255182.15095,1.3688716888427734
rd_sec/s_-../datasets/ssd.csv,r2,0.7198993904748463,30659050369.459496,1.386483907699585
rd_sec/s_-../datasets/ssd.csv,r2,0.7198993904748463,30659050369.459496,1.3512113094329834
rd_sec/s_-../datasets/ssd.csv,r2,0.7549877356469554,26818375606.786156,1.3973536491394043
rd_sec/s_-../datasets/ssd.csv,r2,0.7549877356469554,26818375606.786156,1.3720860481262207
rd_sec/s_-../datasets/ssd.csv,r2,0.6446951678718778,38890699892.42634,3.205888032913208
rd_sec/s_-../datasets/ssd.csv,r2,0.6446951678718778,38890699892.42634,2.943916082382202
rd_sec/s_-../datasets/ssd.csv,r2,0.792927225707919,22665622284.533096,1.3454420566558838
rd_sec/s_-../datasets/ssd.csv,r2,0.792927225707919,22665622284.533096,1.4471142292022705
rd_sec/s_-../datasets/ssd.csv,r2,0.637065462580038,39725826667.92035,2.52315354347229
rd_sec/s_-../datasets/ssd.csv,r2,0.637065462580038,39725826667.92035,2.5654280185699463
rd_sec/s_-../datasets/ssd.csv,r2,0.700177116396001,32817796812.063374,3.012007236480713
rd_sec/s_-../datasets/ssd.csv,r2,0.700177116396001,32817796812.063374,3.134730339050293
wr_sec/s_-../datasets/ssd.csv,r2,0.6156511306491107,47959776237.07618,2.1130459308624268
wr_sec/s_-../datasets/ssd.csv,r2,0.6156511306491107,47959776237.07618,2.159153938293457
wr_sec/s_-../datasets/ssd.csv,r2,0.8267790348015636,21614838478.69201,1.333282709121704
wr_sec/s_-../datasets/ssd.csv,r2,0.8267790348015636,21614838478.69201,1.3095159530639648
wr_sec/s_-../datasets/ssd.csv,r2,0.7555545374476184,30502365483.682102,1.4074437618255615
wr_sec/s_-../datasets/ssd.csv,r2,0.7555545374476184,30502365483.682102,1.3275110721588135
wr_sec/s_-../datasets/ssd.csv,r2,0.7102992914994974,36149400358.25133,1.3070476055145264
wr_sec/s_-../datasets/ssd.csv,r2,0.7102992914994974,36149400358.25133,1.36000394821167
wr_sec/s_-../datasets/ssd.csv,r2,0.738737590481919,32600815818.212406,1.2900009155273438
wr_sec/s_-../datasets/ssd.csv,r2,0.738737590481919,32600815818.212406,1.3027620315551758
wr_sec/s_-../datasets/ssd.csv,r2,0.6196999638828982,47454555195.99017,2.616828441619873
wr_sec/s_-../datasets/ssd.csv,r2,0.6196999638828982,47454555195.99017,2.6716701984405518
wr_sec/s_-../datasets/ssd.csv,r2,0.7667552233317105,29104722790.963726,1.3802146911621094
wr_sec/s_-../datasets/ssd.csv,r2,0.7667552233317105,29104722790.963726,1.3008787631988525
wr_sec/s_-../datasets/ssd.csv,r2,0.6195510576321397,47473135998.57907,2.3567147254943848
wr_sec/s_-../datasets/ssd.csv,r2,0.6195510576321397,47473135998.57907,2.0848300457000732
wr_sec/s_-../datasets/ssd.csv,r2,0.6651705912448469,41780644622.70937,2.8043065071105957
wr_sec/s_-../datasets/ssd.csv,r2,0.6651705912448469,41780644622.70937,2.209927558898926
Avgrq-sz_,../datasets/ssd.csv,0.931659805829187,12487.692742311237,2.1023049354553223
Avgrq-sz_,../datasets/ssd.csv,0.931659805829187,12487.692742311237,2.2407450675964355
Avgrq-sz_,../datasets/ssd.csv,0.9710008020031229,5298.9763747717,1.4080226421356201
Avgrq-sz_,../datasets/ssd.csv,0.9710008020031229,5298.9763747717,1.5082550048828125
Avgrq-sz_,../datasets/ssd.csv,0.9562436511859179,7995.526587909774,1.3575751781463623
Avgrq-sz_,../datasets/ssd.csv,0.9562436511859179,7995.526587909774,1.3395066261291504
Avgrq-sz_,../datasets/ssd.csv,0.9460208184833897,9863.528212636571,1.3564960956573486
Avgrq-sz_,../datasets/ssd.csv,0.9460208184833897,9863.528212636571,1.3371446132659912
Avgrq-sz_,../datasets/ssd.csv,0.9175735011400581,15061.660331468987,1.3617198467254639
Avgrq-sz_,../datasets/ssd.csv,0.9175735011400581,15061.660331468987,1.3528151512145996
Avgrq-sz_,../datasets/ssd.csv,0.9057617025080362,17220.011121079955,2.9399614334106445
Avgrq-sz_,../datasets/ssd.csv,0.9057617025080362,17220.011121079955,2.9456000328063965
Avgrq-sz_,../datasets/ssd.csv,0.9605510541794611,7208.441831225663,1.3479998111724854
Avgrq-sz_,../datasets/ssd.csv,0.9605510541794611,7208.441831225663,1.3358783721923828
Avgrq-sz_,../datasets/ssd.csv,0.9260280883037316,13516.767343615353,2.298853635787964
Avgrq-sz_,../datasets/ssd.csv,0.9260280883037316,13516.767343615353,2.2739763259887695
Avgrq-sz_,../datasets/ssd.csv,0.9402484668121226,10918.300663109592,2.686086654663086
Avgrq-sz_,../datasets/ssd.csv,0.9402484668121226,10918.300663109592,2.4120545387268066
await_-../datasets/ssd.csv,r2,0.7132188543660205,2488.7523199448865,2.2723124027252197
await_-../datasets/ssd.csv,r2,0.7132188543660205,2488.7523199448865,2.449512243270874
await_-../datasets/ssd.csv,r2,0.8647773875945949,1173.4927328956367,1.7199854850769043
await_-../datasets/ssd.csv,r2,0.8647773875945949,1173.4927328956367,1.8293204307556152
await_-../datasets/ssd.csv,r2,0.1952856688345197,6983.494867326768,9.372895002365112
await_-../datasets/ssd.csv,r2,0.1952856688345197,6983.494867326768,9.287858963012695
await_-../datasets/ssd.csv,r2,0.796569528309394,1765.41612332373,1.3153271675109863
await_-../datasets/ssd.csv,r2,0.796569528309394,1765.41612332373,1.2987773418426514
await_-../datasets/ssd.csv,r2,0.7610226517693313,2073.9000414708007,1.3036222457885742
await_-../datasets/ssd.csv,r2,0.7610226517693313,2073.9000414708007,1.2864716053009033
await_-../datasets/ssd.csv,r2,0.7662218312629822,2028.7803736557196,1.287374496459961
await_-../datasets/ssd.csv,r2,0.7662218312629822,2028.7803736557196,1.2967219352722168
await_-../datasets/ssd.csv,r2,0.6662529688007501,2896.3330080003534,2.6212613582611084
await_-../datasets/ssd.csv,r2,0.6662529688007501,2896.3330080003534,2.2090094089508057
await_-../datasets/ssd.csv,r2,0.7883545069257193,1836.7079562711847,1.3261439800262451
await_-../datasets/ssd.csv,r2,0.7883545069257193,1836.7079562711847,1.329488754272461
await_-../datasets/ssd.csv,r2,0.6900957577202418,2689.419836961294,1.968292236328125
await_-../datasets/ssd.csv,r2,0.6900957577202418,2689.419836961294,1.950214147567749
await_-../datasets/ssd.csv,r2,0.7381608159300869,2272.300277502137,2.2873454093933105
await_-../datasets/ssd.csv,r2,0.7381608159300869,2272.300277502137,2.2564070224761963
await_-../datasets/ssd.csv,r2,0.6602712189201719,2948.2440004741043,9.614016771316528
await_-../datasets/ssd.csv,r2,0.6602712189201719,2948.2440004741043,9.603979587554932
await_-../datasets/ssd.csv,r2,0.23205809775277808,6664.3753255660695,9.627963304519653
await_-../datasets/ssd.csv,r2,0.23205809775277808,6664.3753255660695,9.59289813041687
await_-../datasets/ssd.csv,r2,0.2168128904990213,6796.676718103404,9.715646982192993
await_-../datasets/ssd.csv,r2,0.2168128904990213,6796.676718103404,9.885904312133789
await_-../datasets/ssd.csv,r2,0.3766317506197242,5409.732126550664,9.647817134857178
await_-../datasets/ssd.csv,r2,0.3766317506197242,5409.732126550664,9.757182359695435
svctm_-../datasets/ssd.csv,r2,0.19288013333060205,1.0117392218501897,9.83653736114502
svctm_-../datasets/ssd.csv,r2,0.19288013333060205,1.0117392218501897,9.76756763458252
%util_-../datasets/ssd.csv,r2,0.04912617043667167,23.526707592347435,2.2241313457489014
%util_-../datasets/ssd.csv,r2,0.04912617043667167,23.526707592347435,2.1720852851867676
%util_-../datasets/ssd.csv,r2,0.18948771615215998,20.053854580108474,1.4023642539978027
%util_-../datasets/ssd.csv,r2,0.18948771615215998,20.053854580108474,1.4307961463928223
%util_-../datasets/ssd.csv,r2,0.2200726393221133,19.29711638647836,1.3891713619232178
%util_-../datasets/ssd.csv,r2,0.2200726393221133,19.29711638647836,1.354386806488037
%util_-../datasets/ssd.csv,r2,0.6826801840522484,7.851189391224123,9.66860032081604
%util_-../datasets/ssd.csv,r2,0.6826801840522484,7.851189391224123,9.786892652511597
%util_-../datasets/ssd.csv,r2,0.33003349799610515,16.576443161288758,9.826798677444458
%util_-../datasets/ssd.csv,r2,0.33003349799610515,16.576443161288758,9.852153301239014
%util_-../datasets/ssd.csv,r2,0.5522185865735825,11.07909593411493,9.814624547958374
%util_-../datasets/ssd.csv,r2,0.5522185865735825,11.07909593411493,9.699189901351929
tps_-../datasets/nvme.csv,r2,0.8833473290057497,47410975.35710635,2.7229561805725098
tps_-../datasets/nvme.csv,r2,0.8833473290057497,47410975.35710635,2.6668667793273926
tps_-../datasets/nvme.csv,r2,0.9464792206211188,21752372.496900097,1.8396892547607422
tps_-../datasets/nvme.csv,r2,0.9464792206211188,21752372.496900097,1.5011513233184814
tps_-../datasets/nvme.csv,r2,0.9212189517999196,32018866.803359512,1.5503132343292236
tps_-../datasets/nvme.csv,r2,0.9212189517999196,32018866.803359512,1.4311277866363525
tps_-../datasets/nvme.csv,r2,0.9023534274539686,39686354.41629947,1.4276330471038818
tps_-../datasets/nvme.csv,r2,0.9023534274539686,39686354.41629947,1.440807819366455
tps_-../datasets/nvme.csv,r2,0.9042875543235924,38900270.046591625,1.386246681213379
tps_-../datasets/nvme.csv,r2,0.9042875543235924,38900270.046591625,1.3931074142456055
tps_-../datasets/nvme.csv,r2,0.8711035037148701,52387215.45683989,2.39994740486145
tps_-../datasets/nvme.csv,r2,0.8711035037148701,52387215.45683989,2.3818106651306152
tps_-../datasets/nvme.csv,r2,0.9163971453628826,33978586.57843751,1.4161560535430908
tps_-../datasets/nvme.csv,r2,0.9163971453628826,33978586.57843751,1.4588515758514404
tps_-../datasets/nvme.csv,r2,0.8768023454319542,50071043.508869305,2.194951057434082
tps_-../datasets/nvme.csv,r2,0.8768023454319542,50071043.508869305,1.9844815731048584
tps_-../datasets/nvme.csv,r2,0.8990840396461768,41015126.94646881,2.6919596195220947
tps_-../datasets/nvme.csv,r2,0.8990840396461768,41015126.94646881,2.5154316425323486
rd_sec/s_-../datasets/nvme.csv,r2,0.7455050880083091,230735052216.5442,2.395773410797119
rd_sec/s_-../datasets/nvme.csv,r2,0.7455050880083091,230735052216.5442,2.040266752243042
rd_sec/s_-../datasets/nvme.csv,r2,0.8980724960114452,92411466190.21228,1.4228661060333252
rd_sec/s_-../datasets/nvme.csv,r2,0.8980724960114452,92411466190.21228,1.404944896697998
rd_sec/s_-../datasets/nvme.csv,r2,0.8489883184306373,136913103525.43576,1.4616811275482178
rd_sec/s_-../datasets/nvme.csv,r2,0.8489883184306373,136913103525.43576,1.410813570022583
rd_sec/s_-../datasets/nvme.csv,r2,0.794796405470334,186045613754.23843,1.3814165592193604
rd_sec/s_-../datasets/nvme.csv,r2,0.794796405470334,186045613754.23843,1.3889358043670654
rd_sec/s_-../datasets/nvme.csv,r2,0.8458012456236691,139802628525.2823,1.3707530498504639
rd_sec/s_-../datasets/nvme.csv,r2,0.8458012456236691,139802628525.2823,1.3620762825012207
rd_sec/s_-../datasets/nvme.csv,r2,0.7544134897029555,222658346422.72733,2.4364259243011475
rd_sec/s_-../datasets/nvme.csv,r2,0.7544134897029555,222658346422.72733,3.0180470943450928
rd_sec/s_-../datasets/nvme.csv,r2,0.8895927396265528,100099545362.16682,1.906193733215332
rd_sec/s_-../datasets/nvme.csv,r2,0.8895927396265528,100099545362.16682,2.1001346111297607
rd_sec/s_-../datasets/nvme.csv,r2,0.7358852933719819,239456734706.59668,2.646028518676758
rd_sec/s_-../datasets/nvme.csv,r2,0.7358852933719819,239456734706.59668,2.435642719268799
rd_sec/s_-../datasets/nvme.csv,r2,0.7872539401673401,192883908130.76648,2.6375739574432373
rd_sec/s_-../datasets/nvme.csv,r2,0.7872539401673401,192883908130.76648,2.745535135269165
wr_sec/s_-../datasets/nvme.csv,r2,0.5821178425433919,18117737642.497585,2.570291519165039
wr_sec/s_-../datasets/nvme.csv,r2,0.5821178425433919,18117737642.497585,2.243541955947876
wr_sec/s_-../datasets/nvme.csv,r2,0.7971585957027415,8794410769.919313,1.489534616470337
wr_sec/s_-../datasets/nvme.csv,r2,0.7971585957027415,8794410769.919313,1.4635789394378662
wr_sec/s_-../datasets/nvme.csv,r2,0.6723737339808953,14204594828.008726,1.425835132598877
wr_sec/s_-../datasets/nvme.csv,r2,0.6723737339808953,14204594828.008726,1.4076850414276123
wr_sec/s_-../datasets/nvme.csv,r2,0.6493427449172047,15203128529.573877,1.407257080078125
wr_sec/s_-../datasets/nvme.csv,r2,0.6493427449172047,15203128529.573877,1.4040300846099854
wr_sec/s_-../datasets/nvme.csv,r2,0.6438252283130217,15442346492.075882,1.3719630241394043
wr_sec/s_-../datasets/nvme.csv,r2,0.6438252283130217,15442346492.075882,1.381397008895874
wr_sec/s_-../datasets/nvme.csv,r2,0.5277503906138781,20474897939.422478,2.547781229019165
wr_sec/s_-../datasets/nvme.csv,r2,0.5277503906138781,20474897939.422478,2.5684101581573486
wr_sec/s_-../datasets/nvme.csv,r2,0.6525301369469985,15064935664.60192,1.3814353942871094
wr_sec/s_-../datasets/nvme.csv,r2,0.6525301369469985,15064935664.60192,1.5114986896514893
wr_sec/s_-../datasets/nvme.csv,r2,0.5751182744565193,18421211566.77474,2.3577747344970703
wr_sec/s_-../datasets/nvme.csv,r2,0.5751182744565193,18421211566.77474,2.3493316173553467
wr_sec/s_-../datasets/nvme.csv,r2,0.6311663206820424,15991187267.414585,2.6394667625427246
wr_sec/s_-../datasets/nvme.csv,r2,0.6311663206820424,15991187267.414585,2.68764591217041
wr_sec/s_-../datasets/nvme.csv,r2,0.14572966453744474,37037824031.25485,10.328213930130005
wr_sec/s_-../datasets/nvme.csv,r2,0.14572966453744474,37037824031.25485,10.204649209976196
wr_sec/s_-../datasets/nvme.csv,r2,0.21199814469662714,34164681648.726124,10.52133822441101
wr_sec/s_-../datasets/nvme.csv,r2,0.21199814469662714,34164681648.726124,10.388049840927124
wr_sec/s_-../datasets/nvme.csv,r2,0.23176306447085426,33307751950.71277,10.423962831497192
wr_sec/s_-../datasets/nvme.csv,r2,0.23176306447085426,33307751950.71277,10.428865432739258
Avgrq-sz_,../datasets/nvme.csv,0.9395165690649135,9469.01291700526,2.3609821796417236
Avgrq-sz_,../datasets/nvme.csv,0.9395165690649135,9469.01291700526,2.192162275314331
Avgrq-sz_,../datasets/nvme.csv,0.9755941145136017,3820.8752603615294,1.4205055236816406
Avgrq-sz_,../datasets/nvme.csv,0.9755941145136017,3820.8752603615294,1.4253709316253662
Avgrq-sz_,../datasets/nvme.csv,0.9627939635032335,5824.809120973312,1.4841551780700684
Avgrq-sz_,../datasets/nvme.csv,0.9627939635032335,5824.809120973312,1.5338752269744873
Avgrq-sz_,../datasets/nvme.csv,0.9595194713224762,6337.448835302701,1.467860460281372
Avgrq-sz_,../datasets/nvme.csv,0.9595194713224762,6337.448835302701,1.528571605682373
Avgrq-sz_,../datasets/nvme.csv,0.934970830345638,10180.673250830365,1.429302453994751
Avgrq-sz_,../datasets/nvme.csv,0.934970830345638,10180.673250830365,1.4002113342285156
Avgrq-sz_,../datasets/nvme.csv,0.9333628972708062,10432.403994603843,2.7031338214874268
Avgrq-sz_,../datasets/nvme.csv,0.9333628972708062,10432.403994603843,2.7111635208129883
Avgrq-sz_,../datasets/nvme.csv,0.9672607357595269,5125.5114201276665,1.3842456340789795
Avgrq-sz_,../datasets/nvme.csv,0.9672607357595269,5125.5114201276665,1.396008014678955
Avgrq-sz_,../datasets/nvme.csv,0.9421637770160621,9054.577990019596,2.4040935039520264
Avgrq-sz_,../datasets/nvme.csv,0.9421637770160621,9054.577990019596,2.2747292518615723
Avgrq-sz_,../datasets/nvme.csv,0.9542411392843194,7163.800672108881,2.6208064556121826
Avgrq-sz_,../datasets/nvme.csv,0.9542411392843194,7163.800672108881,2.5787160396575928
await_-../datasets/nvme.csv,r2,0.976106510014351,692112.5006231501,2.017024278640747
await_-../datasets/nvme.csv,r2,0.976106510014351,692112.5006231501,2.0629963874816895
await_-../datasets/nvme.csv,r2,0.9844075233503572,451660.5992416416,1.3898847103118896
await_-../datasets/nvme.csv,r2,0.9844075233503572,451660.5992416416,1.387002944946289
await_-../datasets/nvme.csv,r2,0.9792310406719242,601605.558021397,1.4962899684906006
await_-../datasets/nvme.csv,r2,0.9792310406719242,601605.558021397,1.4168174266815186
await_-../datasets/nvme.csv,r2,0.982925304284234,494595.4047029602,1.4048969745635986
await_-../datasets/nvme.csv,r2,0.982925304284234,494595.4047029602,1.3913543224334717
await_-../datasets/nvme.csv,r2,0.9629493884221708,1073229.2119799294,1.4150159358978271
await_-../datasets/nvme.csv,r2,0.9629493884221708,1073229.2119799294,1.4046781063079834
await_-../datasets/nvme.csv,r2,0.9670702717547297,953861.3477714498,2.6492843627929688
await_-../datasets/nvme.csv,r2,0.9670702717547297,953861.3477714498,2.6859476566314697
await_-../datasets/nvme.csv,r2,0.957541683198879,1229871.8952787423,1.4325921535491943
await_-../datasets/nvme.csv,r2,0.957541683198879,1229871.8952787423,1.4064116477966309
await_-../datasets/nvme.csv,r2,0.97618753684829,689765.4309950332,2.029571294784546
await_-../datasets/nvme.csv,r2,0.97618753684829,689765.4309950332,2.1216824054718018
await_-../datasets/nvme.csv,r2,0.9819617678134871,522505.7533632353,2.3918745517730713
await_-../datasets/nvme.csv,r2,0.9819617678134871,522505.7533632353,2.3454034328460693
await_-../datasets/nvme.csv,r2,0.21949554659456205,22608538.531558108,10.377258777618408
await_-../datasets/nvme.csv,r2,0.21949554659456205,22608538.531558108,10.602489709854126
await_-../datasets/nvme.csv,r2,0.22229381282654415,22527482.35096709,10.351982116699219
await_-../datasets/nvme.csv,r2,0.22229381282654415,22527482.35096709,10.777555465698242
svctm_-../datasets/nvme.csv,r2,0.9302318432468926,0.1777723207679825,1.9203650951385498
svctm_-../datasets/nvme.csv,r2,0.9302318432468926,0.1777723207679825,2.2493865489959717
svctm_-../datasets/nvme.csv,r2,0.64907429081694,0.894174085168792,9.774734735488892
svctm_-../datasets/nvme.csv,r2,0.64907429081694,0.894174085168792,9.81589937210083
svctm_-../datasets/nvme.csv,r2,0.9012644457775622,0.2515825189211981,1.7393136024475098
svctm_-../datasets/nvme.csv,r2,0.9012644457775622,0.2515825189211981,1.694695234298706
svctm_-../datasets/nvme.csv,r2,0.8939861146075956,0.27012802569130867,1.5198686122894287
svctm_-../datasets/nvme.csv,r2,0.8939861146075956,0.27012802569130867,1.6253385543823242
svctm_-../datasets/nvme.csv,r2,0.6098022789267129,0.9942408924324442,3.2631003856658936
svctm_-../datasets/nvme.csv,r2,0.6098022789267129,0.9942408924324442,3.216233253479004
svctm_-../datasets/nvme.csv,r2,0.17035522532159997,2.113971242346748,1.8976850509643555
svctm_-../datasets/nvme.csv,r2,0.17035522532159997,2.113971242346748,1.6209282875061035
svctm_-../datasets/nvme.csv,r2,0.7856125278129288,0.546268673961771,3.062659502029419
svctm_-../datasets/nvme.csv,r2,0.7856125278129288,0.546268673961771,3.0972917079925537
svctm_-../datasets/nvme.csv,r2,0.9127692821070267,0.22226769179193448,3.264725685119629
svctm_-../datasets/nvme.csv,r2,0.9127692821070267,0.22226769179193448,3.212838888168335
svctm_-../datasets/nvme.csv,r2,0.7538158294194742,0.6272880548545051,10.241516828536987
svctm_-../datasets/nvme.csv,r2,0.7538158294194742,0.6272880548545051,10.263463258743286
%util_-../datasets/nvme.csv,r2,0.2643394963143987,22.548366284332815,1.5859804153442383
%util_-../datasets/nvme.csv,r2,0.2643394963143987,22.548366284332815,1.520698070526123
%util_-../datasets/nvme.csv,r2,0.2584055968749791,22.730243301495083,10.28195333480835
%util_-../datasets/nvme.csv,r2,0.2584055968749791,22.730243301495083,10.575883388519287
%util_-../datasets/nvme.csv,r2,0.5303255566648023,14.395759089491857,10.632473945617676
%util_-../datasets/nvme.csv,r2,0.5303255566648023,14.395759089491857,10.32469630241394
%util_-../datasets/nvme.csv,r2,0.4607372407712911,16.528676145682407,10.17960000038147
%util_-../datasets/nvme.csv,r2,0.4607372407712911,16.528676145682407,10.275937557220459
tps_-../datasets/hdd.csv,r2,0.47223648276395247,2062.2066373472626,1.4515597820281982
tps_-../datasets/hdd.csv,r2,0.47223648276395247,2062.2066373472626,1.5147514343261719
tps_-../datasets/hdd.csv,r2,0.19208792045845635,3156.8715881481235,1.4690003395080566
tps_-../datasets/hdd.csv,r2,0.19208792045845635,3156.8715881481235,1.492300033569336
tps_-../datasets/hdd.csv,r2,0.08660239142433657,3569.050435328565,1.5390374660491943
tps_-../datasets/hdd.csv,r2,0.08660239142433657,3569.050435328565,1.6197707653045654
tps_-../datasets/hdd.csv,r2,0.39297870280219194,2371.9020114317286,1.4892997741699219
tps_-../datasets/hdd.csv,r2,0.39297870280219194,2371.9020114317286,1.4458165168762207
rd_sec/s_-../datasets/hdd.csv,r2,0.9116385991146401,318496604.3385755,2.572479248046875
rd_sec/s_-../datasets/hdd.csv,r2,0.9116385991146401,318496604.3385755,2.610792875289917
rd_sec/s_-../datasets/hdd.csv,r2,0.9624529936700903,135337306.7802572,1.5954811573028564
rd_sec/s_-../datasets/hdd.csv,r2,0.9624529936700903,135337306.7802572,1.7517001628875732
rd_sec/s_-../datasets/hdd.csv,r2,0.9424710166205507,207361876.0433294,1.5339677333831787
rd_sec/s_-../datasets/hdd.csv,r2,0.9424710166205507,207361876.0433294,1.556103229522705
rd_sec/s_-../datasets/hdd.csv,r2,0.9259360422515711,266961804.7065012,1.5747978687286377
rd_sec/s_-../datasets/hdd.csv,r2,0.9259360422515711,266961804.7065012,1.79183030128479
rd_sec/s_-../datasets/hdd.csv,r2,0.9250029645606062,270325061.436009,1.7891011238098145
rd_sec/s_-../datasets/hdd.csv,r2,0.9250029645606062,270325061.436009,1.4822862148284912
rd_sec/s_-../datasets/hdd.csv,r2,0.9027884688147765,350396692.16218865,2.8953776359558105
rd_sec/s_-../datasets/hdd.csv,r2,0.9027884688147765,350396692.16218865,3.093721628189087
rd_sec/s_-../datasets/hdd.csv,r2,0.9473852559712711,189648615.15759397,1.584731101989746
rd_sec/s_-../datasets/hdd.csv,r2,0.9473852559712711,189648615.15759397,1.7319462299346924
rd_sec/s_-../datasets/hdd.csv,r2,0.9056435388719598,340105658.868801,2.921595335006714
rd_sec/s_-../datasets/hdd.csv,r2,0.9056435388719598,340105658.868801,2.8715031147003174
rd_sec/s_-../datasets/hdd.csv,r2,0.9245633102550297,271909785.1050082,2.7552151679992676
rd_sec/s_-../datasets/hdd.csv,r2,0.9245633102550297,271909785.1050082,2.844221830368042
wr_sec/s_-../datasets/hdd.csv,r2,0.8911652252611588,2470803860.3897066,2.136993885040283
wr_sec/s_-../datasets/hdd.csv,r2,0.8911652252611588,2470803860.3897066,1.866044044494629
wr_sec/s_-../datasets/hdd.csv,r2,0.9527424550430484,1072856766.5285476,1.41349196434021
wr_sec/s_-../datasets/hdd.csv,r2,0.9527424550430484,1072856766.5285476,1.4524059295654297
wr_sec/s_-../datasets/hdd.csv,r2,0.9282315066569478,1629312605.5700107,1.5312533378601074
wr_sec/s_-../datasets/hdd.csv,r2,0.9282315066569478,1629312605.5700107,1.8532912731170654
wr_sec/s_-../datasets/hdd.csv,r2,0.9154232262670137,1920090518.3129015,1.3785135746002197
wr_sec/s_-../datasets/hdd.csv,r2,0.9154232262670137,1920090518.3129015,1.3867676258087158
wr_sec/s_-../datasets/hdd.csv,r2,0.9143019487047016,1945546140.7109535,1.355703353881836
wr_sec/s_-../datasets/hdd.csv,r2,0.9143019487047016,1945546140.7109535,1.326348066329956
wr_sec/s_-../datasets/hdd.csv,r2,0.8848536638124391,2614091062.7568207,2.4649901390075684
wr_sec/s_-../datasets/hdd.csv,r2,0.8848536638124391,2614091062.7568207,2.544776201248169
wr_sec/s_-../datasets/hdd.csv,r2,0.9344291418496216,1488611795.593688,1.333885908126831
wr_sec/s_-../datasets/hdd.csv,r2,0.9344291418496216,1488611795.593688,1.4850544929504395
wr_sec/s_-../datasets/hdd.csv,r2,0.888855892402235,2523231115.891874,2.284824848175049
wr_sec/s_-../datasets/hdd.csv,r2,0.888855892402235,2523231115.891874,2.3773388862609863
wr_sec/s_-../datasets/hdd.csv,r2,0.9050086492337652,2156525767.9821677,2.7337663173675537
wr_sec/s_-../datasets/hdd.csv,r2,0.9050086492337652,2156525767.9821677,2.668830633163452
wr_sec/s_-../datasets/hdd.csv,r2,0.2883791305053316,16155457625.565424,9.707401275634766
wr_sec/s_-../datasets/hdd.csv,r2,0.2883791305053316,16155457625.565424,9.631377935409546
wr_sec/s_-../datasets/hdd.csv,r2,0.33045672214592126,15200197910.911306,9.864041566848755
wr_sec/s_-../datasets/hdd.csv,r2,0.33045672214592126,15200197910.911306,9.68379259109497
wr_sec/s_-../datasets/hdd.csv,r2,0.39691190981471336,13691509767.540026,9.7645423412323
wr_sec/s_-../datasets/hdd.csv,r2,0.39691190981471336,13691509767.540026,9.76066279411316
Avgrq-sz_,../datasets/hdd.csv,0.947118952817042,9886.935770020693,2.429738998413086
Avgrq-sz_,../datasets/hdd.csv,0.947118952817042,9886.935770020693,2.058608055114746
Avgrq-sz_,../datasets/hdd.csv,0.9771887820281335,4264.9126471244945,1.3722796440124512
Avgrq-sz_,../datasets/hdd.csv,0.9771887820281335,4264.9126471244945,1.3648631572723389
Avgrq-sz_,../datasets/hdd.csv,0.9645539152894431,6627.197862014516,1.677903413772583
Avgrq-sz_,../datasets/hdd.csv,0.9645539152894431,6627.197862014516,1.3406398296356201
Avgrq-sz_,../datasets/hdd.csv,0.9577266213231295,7903.66685277509,1.3417179584503174
Avgrq-sz_,../datasets/hdd.csv,0.9577266213231295,7903.66685277509,1.3640735149383545
Avgrq-sz_,../datasets/hdd.csv,0.9343353950461423,12277.021090304701,1.3884553909301758
Avgrq-sz_,../datasets/hdd.csv,0.9343353950461423,12277.021090304701,1.388260841369629
Avgrq-sz_,../datasets/hdd.csv,0.9315598156287281,12795.958911819864,2.7064461708068848
Avgrq-sz_,../datasets/hdd.csv,0.9315598156287281,12795.958911819864,2.834744930267334
Avgrq-sz_,../datasets/hdd.csv,0.9643796163056608,6659.785772981422,1.4856750965118408
Avgrq-sz_,../datasets/hdd.csv,0.9643796163056608,6659.785772981422,1.4919548034667969
Avgrq-sz_,../datasets/hdd.csv,0.9437316950904456,10520.236382686258,2.518223762512207
Avgrq-sz_,../datasets/hdd.csv,0.9437316950904456,10520.236382686258,2.4597702026367188
Avgrq-sz_,../datasets/hdd.csv,0.9535296771318519,8688.350966649736,2.821631908416748
Avgrq-sz_,../datasets/hdd.csv,0.9535296771318519,8688.350966649736,2.7697041034698486
await_-../datasets/hdd.csv,r2,0.7185868020412833,25676.011701799056,2.504495143890381
await_-../datasets/hdd.csv,r2,0.7185868020412833,25676.011701799056,2.6107943058013916
await_-../datasets/hdd.csv,r2,0.8553143338017815,13201.054127294468,1.41731595993042
await_-../datasets/hdd.csv,r2,0.8553143338017815,13201.054127294468,1.3911397457122803
await_-../datasets/hdd.csv,r2,0.778150942045284,20241.406762002745,1.4200060367584229
await_-../datasets/hdd.csv,r2,0.778150942045284,20241.406762002745,1.3080222606658936
await_-../datasets/hdd.csv,r2,0.7731316595169111,20699.363808324517,1.3193504810333252
await_-../datasets/hdd.csv,r2,0.7731316595169111,20699.363808324517,1.3040564060211182
await_-../datasets/hdd.csv,r2,0.7790366043546458,20160.599337248088,1.29587721824646
await_-../datasets/hdd.csv,r2,0.7790366043546458,20160.599337248088,1.3165686130523682
await_-../datasets/hdd.csv,r2,0.7065270438252882,26776.338535511328,2.4077179431915283
await_-../datasets/hdd.csv,r2,0.7065270438252882,26776.338535511328,2.3802595138549805
await_-../datasets/hdd.csv,r2,0.7207754600660616,25476.319542856007,1.379744052886963
await_-../datasets/hdd.csv,r2,0.7207754600660616,25476.319542856007,1.3720917701721191
await_-../datasets/hdd.csv,r2,0.7195104422213657,25591.739193458754,2.077530860900879
await_-../datasets/hdd.csv,r2,0.7195104422213657,25591.739193458754,2.081409215927124
await_-../datasets/hdd.csv,r2,0.7537640116891816,22466.459153774726,2.576212167739868
await_-../datasets/hdd.csv,r2,0.7537640116891816,22466.459153774726,2.5946805477142334
await_-../datasets/hdd.csv,r2,0.011162420876288826,90221.08926278463,9.819666862487793
await_-../datasets/hdd.csv,r2,0.011162420876288826,90221.08926278463,9.971653938293457
await_-../datasets/hdd.csv,r2,0.01733982616299845,89657.46562473629,9.470190286636353
await_-../datasets/hdd.csv,r2,0.01733982616299845,89657.46562473629,9.480600357055664
%util_-../datasets/hdd.csv,r2,0.04489281143816126,24.341764314810614,2.271533489227295
%util_-../datasets/hdd.csv,r2,0.04489281143816126,24.341764314810614,2.256509780883789
%util_-../datasets/hdd.csv,r2,0.2392734802915909,19.387798429881997,1.4635980129241943
%util_-../datasets/hdd.csv,r2,0.2392734802915909,19.387798429881997,1.3370506763458252
%util_-../datasets/hdd.csv,r2,0.005505650354147518,25.34558148174053,1.404850959777832
%util_-../datasets/hdd.csv,r2,0.005505650354147518,25.34558148174053,1.336155652999878
%util_-../datasets/hdd.csv,r2,0.21937765223173566,19.89486147294236,9.536160707473755
%util_-../datasets/hdd.csv,r2,0.21937765223173566,19.89486147294236,9.540248155593872
%util_-../datasets/hdd.csv,r2,0.4636125235388424,13.67031647316323,9.560637474060059
%util_-../datasets/hdd.csv,r2,0.4636125235388424,13.67031647316323,9.647101163864136
%util_-../datasets/hdd.csv,r2,0.6202079813001036,9.679340621191926,9.61425232887268
%util_-../datasets/hdd.csv,r2,0.6202079813001036,9.679340621191926,9.64319396018982
